observation,angle_0,angle_1,angle_2,angle_3,label
0,0.0341927672532,1.35974754031,1.22472107859,-0.510307076788,0
1,-0.297969511106,-0.527384193033,0.569726357572,-0.0560644390456,1
2,0.746885616257,-1.84732479897,1.5665487747,-0.0964321601556,0
3,0.680378453274,-0.136566333977,-0.379098567075,0.463110158598,1
4,0.82451352753,-0.202529870693,-0.15278617857,0.685698610809,0
5,-0.870340641947,-1.51438350373,0.39498186275,-0.670565823688,1
6,-1.92034059012,-0.814053663945,-0.467597558893,-1.19320247743,0
7,-1.49246388406,0.0366378269448,0.897249256728,-0.23313207796,1
8,-0.743596029509,0.384993808748,0.717235807194,-0.300010598488,0
9,0.544667807921,1.04287547658,-0.206956436208,-0.813515541982,1
10,0.347650598516,0.247545740963,1.09881276841,-1.28458077881,0
11,-0.661612930356,-0.838166960716,-1.73401484623,0.126434555197,1
